<?xml version="1.0"?>
<!--
    (c) 2017 Copyright, Real-Time Innovations, Inc.  All rights reserved.
    RTI grants Licensee a license to use, modify, compile, and create
    derivative works of the Software.  Licensee has the right to distribute
    object form only for use with RTI products.  The Software is provided
    "as is", with no warranty of any type, including any warranty for fitness
    for any purpose. RTI is under no obligation to maintain or support the
    Software.  RTI shall not be liable for any incidental or consequential
    damages arising out of the use or inability to use the software.
-->

<!-- RTI Data Distribution Service Deployment -->
<dds xmlns:xsi="http://www.w3.org/2001/XMLSchema-instance"
    xsi:noNamespaceSchemaLocation="http://community.rti.com/schema/6.1.2/rti_web_integration_service.xsd">

    <!-- This Qos Profile enables a reliable DataReader that will keep only
         the last sample in its cache.
    -->
    <qos_library name="SimpleWebDemoQoSLib">
        <qos_profile name="SimpleWebDemoQosProfile" is_default_qos="true">
            <datareader_qos>
                <reliability>
                    <kind>RELIABLE_RELIABILITY_QOS</kind>
                </reliability>
                <history>
                    <depth>1</depth>
                    <kind>KEEP_LAST_HISTORY_QOS</kind>
                </history>
            </datareader_qos>
        </qos_profile>
    </qos_library>

    <!--
        This configuration contains a complete scenario for interacting with
        Squares published by RTI Shapes Demo. That is, it creates the necessary
        Topics and DataReader to subscribe to Squares, Circles, and
        Triangles. The data types and domains in "MyParticipant" refer to the
        ones defined under resource/xml/RTI_WEB_INTEGRATION_SERVICE.xml.
        Note that this file is automatically loaded by Web Integration Service
        at startup time.
    -->

   
    <web_integration_service name="webIn">
        <application name="WebDemoApp">
            <domain_participant name="MyParticipant">
                <register_type name="web::SensorData" type_ref="web::SensorData" />
                <topic name="RTI_Sensor_Topic" register_type_ref="web::SensorData" />
                <publisher name="MyPublisher">
                    <data_writer name="MyWriter" topic_ref="RTI_Sensor_Topic" />
                
                </publisher>
                <subscriber name="MySubscriber">
                    <data_reader name="MyReader" topic_ref="RTI_Sensor_Topic" />
                </subscriber>
            </domain_participant>
        </application>
    </web_integration_service>

</dds>
